<?xml version="1.0" ?>
<joomfish type="contentelement">
    <name>SimpleLists Items</name>
    <author>Jisse Reitsma</author>
    <version>1.2</version>
    <description>Definition for the SimpleLists component</description>
    <reference type="content">
        <table name="simplelists_items">
            <field type="referenceid" name="id" translate="0">ID</field>
            <field type="titletext" name="title" translate="1">Title</field>
            <field type="htmltext" name="text" translate="1">Text</field>
            <field type="checked_out_by" name="checked_out" translate="0">Check out by</field>
            <field type="checked_out_date" name="checked_out_time" translate="0">Check out date</field>
        </table>
    </reference>
</joomfish>
