<?xml version="1.0" encoding="utf-8"?>
<install type="component" version="1.5.0" method="upgrade">
    <name>SimpleLists</name>
    <author>Yireo</author>
    <authoremail>info@yireo.com</authoremail>
    <authorurl>https://www.yireo.com/software/simplelists</authorurl>
    <creationDate>December 2012</creationDate>
    <copyright>Copyright 2012 Yireo</copyright>
    <license>http://www.gnu.org/licenses/gpl-2.0.html GNU/GPL</license>
    <version>1.6.1.1</version>
    <description>This component shows a simple listing of items which can be displayed through multiple views/themes.</description>

    <!-- installation part -->
    <install>
        <queries>
            <query>
            CREATE TABLE IF NOT EXISTS `#__simplelists_items` (
                `id` INT(11) NOT NULL AUTO_INCREMENT,
                `title` VARCHAR(255) NOT NULL DEFAULT '',
                `link_type` TINYINT(1) NOT NULL DEFAULT 0,
                `link` VARCHAR(255) NOT NULL DEFAULT '',
                `text` TEXT NOT NULL DEFAULT '',
                `picture` TEXT NOT NULL DEFAULT '',
                `published` TINYINT(1) NOT NULL DEFAULT 0,
                `access` INT(11) NOT NULL DEFAULT 0,
                `checked_out` INT(11) NOT NULL DEFAULT 0,
                `checked_out_time` DATETIME NOT NULL DEFAULT '0000-00-00 00:00:00',
                `created` DATETIME NOT NULL DEFAULT '0000-00-00 00:00:00',
                `created_by` INT(11) NOT NULL DEFAULT 0,
                `created_by_alias` TEXT NOT NULL DEFAULT '',
                `modified` DATETIME NOT NULL DEFAULT '0000-00-00 00:00:00',
                `modified_by` INT(11) NOT NULL DEFAULT 0,
                `modified_by_alias` TEXT NOT NULL DEFAULT '',
                `ordering` INT(11) NOT NULL DEFAULT 0,
                `hits` INT(11) NOT NULL DEFAULT 0,
                `params` TEXT NOT NULL DEFAULT '',
                PRIMARY KEY (`id`)
            ) DEFAULT CHARSET=utf8;
            </query>
            <query>
            CREATE TABLE IF NOT EXISTS `#__simplelists_categories` (
                `id` INT(11) NOT NULL DEFAULT 0,
                `category_id` INT(11) NOT NULL DEFAULT 0,
                PRIMARY KEY  (`id`,`category_id`)
            ) DEFAULT CHARSET=utf8;
            </query>
        </queries>
    </install>

    <installfile>install.simplelists.php</installfile>
    <uninstallfile>uninstall.simplelists.php</uninstallfile>
    
    <!-- user part -->
    <files folder="components/com_simplelists">
        <filename>controller.php</filename>
        <filename>index.html</filename>
        <filename>metadata.xml</filename>
        <filename>router.php</filename>
        <filename>simplelists.php</filename>
        <folder>helpers</folder>
        <folder>models</folder>
        <folder>views</folder>
    </files>

    <media folder="media">
        <folder>com_simplelists</folder>
    </media>

    <languages folder="language/en-GB">
        <language tag="en-GB">en-GB.com_simplelists.ini</language>
    </languages>

    <!-- administration part -->
    <administration>

        <menu task="default" img="../media/com_simplelists/images/simplelists.png">SimpleLists</menu>
        <submenu>
            <menu link="option=com_simplelists&amp;view=home">Home</menu>
            <menu link="option=com_simplelists&amp;view=items">Items</menu>
            <menu link="option=com_simplelists&amp;view=categories">Categories</menu>
            <menu link="option=com_simplelists&amp;view=update">Update</menu>
        </submenu>

        <files>
            <filename>simplelists.xml</filename>
            <filename>install.simplelists.php</filename>
            <filename>uninstall.simplelists.php</filename>
        </files>
        <files folder="administrator/components/com_simplelists">
            <filename>config.xml</filename>
            <filename>controller.php</filename>
            <filename>index.html</filename>
            <filename>simplelists.php</filename>
            <folder>elements</folder>
            <folder>helpers</folder>
            <folder>lib</folder>
            <folder>models</folder>
            <folder>tables</folder>
            <folder>views</folder>
        </files>

        <languages folder="administrator/language/en-GB">
            <language tag="en-GB">en-GB.com_simplelists.menu.ini</language>
            <language tag="en-GB">en-GB.com_simplelists.ini</language>
        </languages>

    </administration>

    <params>
        <param name="show_category_title" type="radio" default="1" />
        <param name="show_category_description" type="radio" default="1" />
        <param name="show_category_image" type="radio" default="1" />
        <param name="show_category_parent" type="radio" default="0" />
        <param name="show_category_childs" type="radio" default="0" />
        <param name="show_item_title" type="radio" default="1" />
        <param name="show_item_text" type="radio" default="1" />
        <param name="show_item_image" type="radio" default="1" />
        <param name="title_link" type="radio" default="0" />
        <param name="image_link" type="radio" default="1" />
        <param name="link_show" type="list" default="1" />
        <param name="use_pagination" type="radio" default="1" />
        <param name="limit" type="text" default="" size="2" />
    </params>

    <simplelists>
        <files folder="plugins/search">
            <file plugin="simplelists">simplelists.php</file>
            <file>simplelists.xml</file>
        </files>
    </simplelists>

</install>
