<?xml version="1.0" encoding="utf-8"?>
<extension version="2.5" type="plugin" group="system" method="upgrade">
    <name>PLG_SYSTEM_SIMPLELISTS</name>
    <author>Yireo</author>
    <creationDate>January 2014</creationDate>
    <copyright>Copyright (C) 2014 Yireo. All rights reserved.</copyright>
    <license>http://www.gnu.org/licenses/gpl-3.0.html GNU/GPL</license>
    <authorEmail>info@yireo.com</authorEmail>
    <authorUrl>www.yireo.com</authorUrl>
    <version>1.6.2</version>
    <description>PLG_SYSTEM_SIMPLELISTS_DESC</description>

    <files>
        <filename plugin="simplelists">simplelists.php</filename>
        <filename>index.html</filename>
    </files>

    <languages>
        <language tag="en-GB">en-GB.plg_system_simplelists.ini</language>
        <language tag="en-GB">en-GB.plg_system_simplelists.sys.ini</language>
    </languages>

    <updateservers>
        <server type="extension" priority="1" name="plg_system_simplelists">http://www.yireo.com/updates/plg_system_simplelists.xml</server>
    </updateservers>
</extension>
