<?xml version="1.0" encoding="UTF-8" ?>
<extension type="package" version="1.6.0">
    <name>SimpleLists</name>
    <packagename>simplelists</packagename>
    <author>Yireo</author>
    <authoremail>support@yireo.com</authoremail>
    <authorurl>http://www.yireo.com</authorurl>
    <creationDate>October 2012</creationDate>
    <copyright>Copyright 2012 Yireo.com</copyright>
    <license>http://www.gnu.org/licenses/gpl-3.0.html GNU/GPL</license>
    <version>1.0.0</version>
    <url>http://www.yireo.com</url>
    <packager>Yireo</packager>
    <packagerurl>http://www.yireo.com</packagerurl>
    <description></description>
    <files>
        <file type="component" id="com_simplelists" >com_simplelists_j25.zip</file>
        <file type="plugin" id="plg_simplelists_content" group="content">plg_simplelists_content_j25.zip</file>
    </files>
</extension>
