<?xml version="1.0" encoding="utf-8"?>
<extension type="module" version="2.5" method="upgrade">
	<name>mod_simplelists_index</name>
	<author>Yireo</author>
	<creationDate>October 2013</creationDate>
	<license>http://www.gnu.org/licenses/gpl-2.0.html GNU/GPL</license>
	<authorEmail>info@yireo.com</authorEmail>
	<authorUrl>https://www.yireo.com/</authorUrl>
	<version>1.6.2</version>
	<description>Module to display SimpleLists index</description>

	<files>
		<filename module="mod_simplelists_index">mod_simplelists_index.php</filename>
		<filename>helper.php</filename>
		<filename>index.html</filename>
		<folder>tmpl</folder>
	</files>

    <updateservers>
        <server type="extension" priority="1" name="mod_simplelists_index">http://www.yireo.com/updates/mod_simplelists_index.xml</server>
    </updateservers>
</extension>
