<?xml version="1.0" encoding="utf-8"?>
<form>
    <fields name="params">
        <fieldset name="params_item" label="COM_SIMPLELISTS_ITEM_PARAMS_ITEM_FIELDSET">
            <field name="show_item_title" type="list" default="" label="Item Title" description="PARAM ITEM TITLE">
                <option value="">Use global</option>
                <option value="0">Hide</option>
                <option value="1">Show</option>
            </field>
            <field name="show_item_text" type="list" default="" label="Item Text" description="PARAM ITEM TEXT">
                <option value="">Use global</option>
                <option value="0">Hide</option>
                <option value="1">Show</option>
            </field>
            <field name="show_item_image" type="list" default="" label="Item Image" description="PARAM ITEM IMAGE">
                <option value="">Use global</option>
                <option value="0">Hide</option>
                <option value="1">Show</option>
            </field>
            <field name="item_class" type="text" default="" label="Item class" description="PARAM ITEM CLASS"/>
            <field name="title_class" type="text" default="" label="Title class" description="PARAM ITEM TITLE CLASS"/>
            <field name="title_link" type="list" default="" label="Item Linked Title" description="PARAM ITEM LINK TITLE">
                <option value="">Use global</option>
                <option value="0">Hide</option>
                <option value="1">Show</option>
            </field>
            <field name="image_link" type="list" default="" label="Item Linked Image" description="PARAM ITEM LINK IMAGE">
                <option value="">Use global</option>
                <option value="0">Hide</option>
                <option value="1">Show</option>
            </field>
        </fieldset>

        <fieldset name="params_readmore" label="COM_SIMPLELISTS_ITEM_PARAMS_READMORE_FIELDSET">
            <field name="readmore" type="list" default="" label="Read-more link" description="PARAM ITEM READMORE">
                <option value="">Use global</option>
                <option value="0">Hide</option>
                <option value="1">Show</option>
            </field>
            <field name="readmore_text" type="text" default="" label="Read-more text" description="PARAM ITEM READMORE TEXT"/>
            <field name="readmore_class" type="text" default="" label="Read-more class" description="PARAM ITEM READMORE CLASS"/>
        </fieldset>

        <fieldset name="params_link" label="COM_SIMPLELISTS_ITEM_PARAMS_LINK_FIELDSET">
            <field name="link_class" type="text" default="" label="Link class" description="PARAM ITEM LINK CLASS"/>
            <field name="link_rel" type="text" default="" label="Link relationship" description="PARAM ITEM LINK REL"/>
            <field name="link_show" type="list" default="1" label="Link show" description="PARAM ITEM LINK SHOW">
                <option value="0">No</option>
                <option value="1">Yes</option>
            </field>
            <field name="target" type="list" default="" label="Link Target" description="PARAM ITEM LINK TARGET">
                <option value="">Use Global</option>
                <option value="0">Parent Window With Browser Navigation</option>
                <option value="1">New Window With Browser Navigation</option>
                <option value="2">New Window Without Browser Navigation</option>
            </field>
            <field name="picture_alignment" type="list" default="" label="Image Align" description="PARAM ITEM IMAGE ALIGN">
                <option value="">Use Global</option>
                <option value="left">Left</option>
                <option value="right">Right</option>
            </field>
            <field name="show_vote" type="list" default="0" label="Voting" description="PARAM VOTING">
                <option value="0">Hide</option>
                <option value="1">Show</option>
            </field>
            <field name="enable_content_plugins" type="list" default="1" label="Content Plugins" description="PARAM CONTENT PLUGINS">
                <option value="0">No</option>
                <option value="1">Yes</option>
            </field>
        </fieldset>

        <fieldset name="params_publishing" label="COM_SIMPLELISTS_ITEM_PARAMS_PUBLISHING_FIELDSET">
            <field name="created" type="calendar" default="" label="Created Date" description="PARAM ITEM CREATED" />
            <field name="created_by" type="user" default="" label="Created By" description="PARAM ITEM CREATEDBY" />
            <field name="modified" type="calendar" default="" label="Modified Date" description="PARAM ITEM MODIFIED" />
            <field name="modified_by" type="user" default="" label="Modified By" description="PARAM ITEM MODIFIEDBY" />
            <field name="publish_up" type="calendar" default="" label="Publish Up" description="PARAM ITEM PUBLISHUP" />
            <field name="publish_down" type="calendar" default="" label="Publish Down" description="PARAM ITEM PUBLISHDOWN" />
        </fieldset>

        <fieldset name="params_meta" label="COM_SIMPLELISTS_ITEM_PARAMS_META_FIELDSET">
	    	<field name="meta_description" type="textarea" rows="5" cols="30" default="" label="Meta Description" description="PARAM ITEM METADESC" />
		    <field name="meta_keywords" type="textarea" rows="5" cols="30" default="" label="Meta Keywords" description="PARAM ITEM METAKEYS" />
    		<field name="meta_robots" type="text" size="20" default="" label="Meta Robots" description="PARAM ITEM METAROBOTS" />
	    	<field name="meta_author" type="text" size="20" default="" label="Meta Author" description="PARAM ITEM METAAUTHOR" />
    	</fieldset>
    </fields>
</form>
