<?xml version="1.0" encoding="utf-8"?>
<install version="1.5" type="plugin" group="simplelistslink" method="upgrade">
    <name>SimpleLists Link - File</name>
    <author>Yireo</author>
    <creationDate>November 2011</creationDate>
    <copyright>Copyright (C) 2011 Yireo.com. All rights reserved.</copyright>
    <license>http://www.gnu.org/licenses/gpl-2.0.html GNU/GPL</license>
    <authorEmail>info@yireo.com</authorEmail>
    <authorUrl>www.yireo.com</authorUrl>
    <version>1.0.0</version>
    <description>SimpleLists link-plugin for files</description>
    <files>
        <filename plugin="file">file.php</filename>
    </files>
</install>
