<?xml version="1.0" encoding="utf-8"?>
<extension version="2.5" type="plugin" group="simplelistslink" method="upgrade">
    <name>PLG_SIMPLELISTSLINK_ARTICLE</name>
    <author>Yireo</author>
    <creationDate>January 2013</creationDate>
    <copyright>Copyright (C) 2013 Yireo.com. All rights reserved.</copyright>
    <license>http://www.gnu.org/licenses/gpl-2.0.html GNU/GPL</license>
    <authorEmail>info@yireo.com</authorEmail>
    <authorUrl>www.yireo.com</authorUrl>
    <version>1.6.1</version>
    <description>PLG_SIMPLELISTSLINK_ARTICLE_DESC</description>

    <files>
        <filename plugin="article">article.php</filename>
        <filename>index.html</filename>
    </files>

    <languages>
        <language tag="en-GB">en-GB.plg_simplelistslink_article.ini</language>
        <language tag="en-GB">en-GB.plg_simplelistslink_article.sys.ini</language>
    </languages>
</extension>
